{
    "bigrams": [
        "('<s>', 'this')",
        "('this', 'is')",
        "('is', 'a')",
        "('a', 'wonderful')",
        "('wonderful', 'text')",
        "('text', '</s>')",
        "('<s>', '<unk>')",
        "('<unk>', 'idea')",
        "('idea', '<unk>')",
        "('<unk>', '<unk>')",
        "('<unk>', '</s>')",
        "('<s>', 'text')",
        "('text', 'is')",
        "('is', 'a')",
        "('a', 'wonderful')",
        "('wonderful', 'idea')",
        "('idea', '</s>')",
        "('<s>', '<unk>')",
        "('<unk>', '<unk>')",
        "('<unk>', 'ice')",
        "('ice', 'cream')",
        "('cream', '</s>')",
        "('<s>', 'ice')",
        "('ice', 'cream')",
        "('cream', 'is')",
        "('is', '<unk>')",
        "('<unk>', '</s>')",
        "('<s>', '<unk>')",
        "('<unk>', '<unk>')",
        "('<unk>', 'ice')",
        "('ice', 'cream')",
        "('cream', '</s>')",
        "('<s>', 'dinner')",
        "('dinner', 'is')",
        "('is', '<unk>')",
        "('<unk>', '</s>')"
    ],
    "probabilities": {
        "('<s>', 'this')": 0.027777777777777776,
        "('this', 'is')": 0.027777777777777776,
        "('is', 'a')": 0.05555555555555555,
        "('a', 'wonderful')": 0.05555555555555555,
        "('wonderful', 'text')": 0.027777777777777776,
        "('text', '</s>')": 0.027777777777777776,
        "('<s>', '<unk>')": 0.08333333333333333,
        "('<unk>', 'idea')": 0.027777777777777776,
        "('idea', '<unk>')": 0.027777777777777776,
        "('<unk>', '<unk>')": 0.08333333333333333,
        "('<unk>', '</s>')": 0.08333333333333333,
        "('<s>', 'text')": 0.027777777777777776,
        "('text', 'is')": 0.027777777777777776,
        "('wonderful', 'idea')": 0.027777777777777776,
        "('idea', '</s>')": 0.027777777777777776,
        "('<unk>', 'ice')": 0.05555555555555555,
        "('ice', 'cream')": 0.08333333333333333,
        "('cream', '</s>')": 0.05555555555555555,
        "('<s>', 'ice')": 0.027777777777777776,
        "('cream', 'is')": 0.027777777777777776,
        "('is', '<unk>')": 0.05555555555555555,
        "('<s>', 'dinner')": 0.027777777777777776,
        "('dinner', 'is')": 0.027777777777777776
    }
}