{
    "<s>": 0.13513513513513514,
    "the": 0.08108108108108109,
    "<unk>": 0.3310810810810811,
    "sleeps": 0.013513513513513514,
    "under": 0.013513513513513514,
    "tree": 0.02027027027027027,
    "</s>": 0.13513513513513514,
    "in": 0.02027027027027027,
    "a": 0.04054054054054054,
    "wonderful": 0.0472972972972973,
    "idea": 0.013513513513513514,
    "learning": 0.02027027027027027,
    "ice": 0.013513513513513514,
    "cream": 0.013513513513513514,
    "is": 0.02702702702702703,
    "treat": 0.013513513513513514,
    "dinner": 0.013513513513513514,
    "this": 0.013513513513513514,
    "text": 0.02027027027027027,
    "ideas": 0.013513513513513514
}