{
    "<s>": 0.16279069767441862,
    "this": 0.023255813953488372,
    "is": 0.09302325581395349,
    "a": 0.046511627906976744,
    "wonderful": 0.046511627906976744,
    "text": 0.046511627906976744,
    "</s>": 0.16279069767441862,
    "<unk>": 0.20930232558139536,
    "idea": 0.046511627906976744,
    "ice": 0.06976744186046512,
    "cream": 0.06976744186046512,
    "dinner": 0.023255813953488372
}